{
    "accuracy": 0.9735625,
    "recall": 0.9146666666666666,
    "f1": 0.6185752930568079,
    "cm": [
        [
            15234,
            391
        ],
        [
            32,
            343
        ]
    ]
}