{
    "accuracy": 0.9899375,
    "recall": 0.8373333333333334,
    "f1": 0.7959442332065906,
    "cm": [
        [
            15525,
            100
        ],
        [
            61,
            314
        ]
    ]
}